product,answer_option,Rsc
Accucheck,Fast and accurate delivery,0.0
Accucheck,Expected a longer expire date. Your Product Listings should mention the expire date too.,0.0
Accucheck,I liked the prompt service,0.4215
Accucheck,Good product,0.4404
Accucheck,I not needed,0.0
Accucheck,Not received the product.,0.0
Accucheck,The chip is not given that I actually was looking,0.0
Accucheck,Damage in your accu chek active strip,-0.128
Accucheck,The reading is very accurate,0.0
Accucheck,I PREFER A STRIP THAT DRAW BLOOD .INSTEAD OF APPLYING DROP OFBLOOD AT AN APPROPRIATE SPOT IN THE STRIP,-0.2732
Accucheck,it was good service.,0.4404
Accucheck,Reliable,0.0
Accucheck,It is a good product,0.4404
Accucheck,Good,0.4404
Accucheck,Not used yet,0.0
Accucheck,Good price with Comfortable expire date,0.7351
Accucheck,I like the accuracy,0.3612
Accucheck,Easy ordering,0.4404
Accucheck,Late delivery,0.0
Accucheck,It had only 7 months validity on delivery against one year normal validity Your webster is bad as it doesn indicate the expire before purchase and your executive says they canst send at least ten months validity strips as they are not aware of the same,-0.5423
Accucheck,Strips not Working at all,0.0
Accucheck,Latest mfg date,0.0
Accucheck,The delivery was fast and good Reason for low rating is payment option on delivery (Card payment on delivery should also be included Thanks,0.5719
Accucheck,Timely delivery competitive rates ease of ordering,0.4939
Accucheck,On time,0.0
Accucheck,You have not given any discount on my order of insulin for which complaint has been lodged but you prefer not to reply Why to purchase from you. So many other sites are offering same discount,-0.1531
Accucheck,dislike,-0.3818
Accucheck,year validity Good packing,0.4404
Accucheck,Calibration takes time.,0.0
Accucheck,Good quality with long shelf life,0.4404
Accucheck,Dislike due to price too much higher,-0.3818
Accucheck,Nice product,0.4215
Accucheck,Working fine,0.2023
Accucheck,show E5,0.0
Accucheck,Wrongly ordered,0.0
Accucheck,Item received fast,0.0
Accucheck,Meets requirement,0.0
Accucheck,Timely delivery,0.0
Accucheck,Timely delivery,0.0
Accucheck,Good working,0.4404
Accucheck,The packing and on time delivery of the product,0.0
Accucheck,Good product,0.4404
Accucheck,Good service,0.4404
Accucheck,The time/days took to deliver is really bad,-0.5849
Accucheck,EXCELLENT IN USE,0.5719
Accucheck,Work is good but motivation chip missed,0.3071
Accucheck,Timely delivery,0.0
Accucheck,Timely delivery,0.0
Accucheck,Accurate Monitoring Device,0.0
Accucheck,Its ok,0.29600000000000004
Accucheck,Customer service,0.0
Accucheck,It is good for testing the sugar liable in the body,0.4404
Accucheck,ALL IS WELL . NOTHING TO DISLIKE,0.6767
Accucheck,time of delivery,0.0
Accucheck,I like very much,0.3612
Accucheck,Packing should be of 25 pics.,0.0
Accucheck,Nyc packing,0.0
Accucheck,It is Genuine,0.0
Accucheck,Good as assured,0.6597
Accucheck,"Only 40 strip inside,very bad experience",-0.5423
Accucheck,Delivery time.. required fast delivery,0.0
Accucheck,Original product,0.3182
Accucheck,Dislike,-0.3818
Accucheck,Quick result for test and easy to use.,0.4404
Accucheck,Easy to use,0.4404
Accucheck,Dimly delivered and quality ie Good...,0.4404
Accucheck,Well coordinate and on time service,0.2732
Accucheck,I like it,0.3612
Accucheck,Packaging was good Delivery was on time. Overall satisfied as a customer.,0.6908
Accucheck,You dont send the thing we ordered online Even after you dont try to replace and give original which I wanted No customer care service.,-0.36700000000000005
Accucheck,Using for monitoring diabetes,0.0
Accucheck,"The expire of the product is only of 6 onth while I am a retail user, It is not at all physiable to me.",0.0
Accucheck,Excellent thing on excellent price,0.8126
Accucheck,No discount given,-0.29600000000000004
Accucheck,Well packed,0.2732
Accucheck,I like it because it is very cheap and having more period of expire,0.3612
Accucheck,On Not Service,0.0
Accucheck,Mention the manufacturing date and expire of Occur check in the bill also,0.0
Accucheck,Too much costly affair.,-0.1027
Accucheck,I like past delivery,0.3612
Accucheck,Correct rejalet,0.0
Accucheck,Your Courier partner is misleading and not delivering Had to struggle with their customer support,-0.3182
Accucheck,Instant Delivery and Reasonable price!,0.0
Accucheck,Nothing,0.0
Accucheck,Fast delivery,0.0
Accucheck,Some of the stripes inside the box is not proper,0.0
Accucheck,All was well,0.2732
Accucheck,its ok,0.29600000000000004
Accucheck,Your offered dismounted price and fast delivery,0.0
Accucheck,For accuracy of Blood sugar monitoring on daily basis,0.0
Accucheck,Price n delivery n quality,0.0
Accucheck,"Perfect packing and delivery , but price wise it s not so attractive",0.3521
Accucheck,It is not working please return and refund my money back,-0.2411
Accucheck,Box is low quality,-0.2732
Accucheck,Rate on app are Rs.799 while print on box are Rs.699,0.0
Accucheck,Gave me insta strip,0.0
Accucheck,Liked the product,0.4215
Accucheck,Cost should be more competitive,0.2484
Accucheck,Excellent for blood sugar checkup,0.5719
Accucheck,Street nahin mila Mujhe,0.0
Accucheck,I order accucheck instant strip but got different item please replace it what will do from it,0.4497
Accucheck,i like it,0.3612
Accucheck,Excellent service,0.5719
Accucheck,nice product. I am using it since last 10 yes,0.6705
Accucheck,good,0.4404
Accucheck,I like the price and time delivery,0.3612
Accucheck,Good,0.4404
Accucheck,I dislike it as i was over charged,-0.5267
Accucheck,Good,0.4404
Accucheck,Like and reasonable price and correct time delivery,0.3612
Accucheck,Timely delivery,0.0
Accucheck,Nice product and prompt delivery,0.4215
Accucheck,"Ok , good",0.6249
Accucheck,Price can still be refuced,0.0
Accucheck,Speed of delivery,0.0
Accucheck,Quick dispatch and timely delivery,0.0
Accucheck,Late delivery,0.0
Accucheck,Its like Good product,0.6597
Accucheck,Suppliers are theaters They supply outdated medicines,0.0
Accucheck,Its defected peice,-0.4019
Accucheck,Description was not clear,-0.2924
Accucheck,I liked,0.4215
Accucheck,Precise results,0.0
Accucheck,"Everything was ok delivery,packing etc just manufacturing date was of 2019 so was in little concerned That the product is little old",0.29600000000000004
Accucheck,Timely delivery,0.0
Accucheck,Good strip. Keep it up,0.4404
Accucheck,Good packing,0.4404
Accucheck,Good service,0.4404
Accucheck,Good product,0.4404
Accucheck,Accurate reading,0.0
Accucheck,Very good,0.4927
Accucheck,"like , good for sugar check at home",0.6597
Accucheck,cost of strips is very high seems you are taking advantage of the people who use it,0.25
Accucheck,There was no chip in package.....,-0.29600000000000004
Accucheck,Reasonable rates,0.0
Accucheck,It shows quick results,0.0
Accucheck,Nice packing,0.4215
Accucheck,It is medium quality,0.0
Accucheck,From delivery,0.0
Accucheck,Box nicely timely delivered Strips result is perfect,0.765
Accucheck,"Expire date is 12/2020,this is very less",0.0
Accucheck,Good deal and genuine product,0.4404
Accucheck,good services,0.4404
Accucheck,It gives immediate results,0.0
Accucheck,Speedy Delivery and price,0.0
Accucheck,Everything right from placing order to delivery was awesome. However few strips were non-functional to our utter dismay So strip quality want totally up to the mark.,0.3758
Accucheck,prompt delivery,0.0
Accucheck,Good product with expire date of 2021,0.4404
Accucheck,Expire date was 2021,0.0
Accucheck,Has been using for long time,0.0
Accucheck,I purchased Occur Check Instant Machine and ordered strips for this machine.after received noticed stops are not suitable for this machine,-0.1531
Accucheck,Pack was found opened,0.0
Accucheck,Price is high,0.0
Accucheck,No comments,-0.29600000000000004
Accucheck,Good,0.4404
Accucheck,All Good,0.4404
Accucheck,I am using since many yr.,0.0
Accucheck,Good boy,0.4404
Accucheck,All are good except only one - the price is too much high,0.4404
Accucheck,Late delivery and I am not able to redeem my wallet money,0.0
Accucheck,Timely delivered,0.0
Accucheck,Long delivery time,0.0
Accucheck,Received as described,0.0
Accucheck,Worked perfectly No coming required either,0.4588
Accucheck,New box only i got,0.0
Accucheck,Fast delivery,0.0
Accucheck,Strip very good but price is very high with other brands,0.2724
Accucheck,I loved this product.Shelcal gives energy,0.7184
Accucheck,It did not serve my purpose since my machine is different,0.0
Accucheck,Good deal,0.4404
Accucheck,good service,0.4404
Accucheck,Good results,0.4404
Accucheck,Delivered on time,0.0
Accucheck,I was not delivered the right product,0.0
Accucheck,Liked the package,0.4215
Accucheck,Fast delivery,0.0
Accucheck,Good,0.4404
Accucheck,Packing,0.0
Accucheck,Fast delivery,0.0
Accucheck,It is good,0.4404
Accucheck,Delivery was on time and there was reasonably good discount on the product,0.4404
Accucheck,Early delivery with online payment mode,0.0
Accucheck,Good,0.4404
Accucheck,all ok,0.29600000000000004
Accucheck,Delivery before sexual given,0.0
Accucheck,The product appears on the cart is different from what I have received Totally disappointed,-0.5256
Accucheck,Due to exp date is very near,0.0
Accucheck,I have been using it for some time and was fully aware of the product,0.0
Accucheck,The strips showing E 1 error and not recording,-0.4019
Accucheck,Need improvement delivery,0.4588
Accucheck,Reliable and economic,0.0
Accucheck,timely delivery,0.0
Accucheck,Good service,0.4404
Accucheck,Nothing special,-0.3089
Accucheck,Nothing all is good,-0.3412
Accucheck,Prompt Delivery,0.0
Accucheck,Arrived fast and exact material ordered,0.0
Accucheck,Willingness to help,0.5859
Accucheck,I like,0.3612
Accucheck,Nice price with long expire,0.4215
Accucheck,Like,0.3612
Accucheck,Nothing specific about the strip though.,0.0
Accucheck,Please process fst,0.3182
Accucheck,Fast and Reliable Product. Ordered it for my father,0.0
Accucheck,"Timely supply,and good product",0.4404
Accucheck,Cost is not competitive,-0.1326
Accucheck,at first the delivered product was wrong one which was later replaced,-0.4767
Accucheck,Product dispatch,0.0
Accucheck,Still I have not get this product and this one is still missing and behalf of urs u doesn follow up my complain,-0.5719
Accucheck,Good. Delivery on time,0.4404
Accucheck,Price and discount,0.0
Accucheck,Very effective and accurate strips,0.5256
Accucheck,Best product,0.6369
Accucheck,Reduction in MRP,0.0
Accucheck,Correct measurement cheaper in comparison buying in open market,0.0
Accucheck,Reliable price,0.0
Accucheck,Nothing to dislike,0.2924
Accucheck,Not like the billing procedure,-0.2755
Accucheck,I have been using it for my grandfather since past 10years. This is a great product to test blood sugar at home in just few seconds Accuracy is 80%.,0.6249
Accucheck,Timely delivery of the product,0.0
Accucheck,the worst product from the company we couldn find coming chip inside the product.and complain it to certain person but I canst get satisfied answer,0.2382
Accucheck,Product and price is good but delivery services should be improved,0.7269
Accucheck,Excellent for regular n easy gluco meter,0.765
Accucheck,courier service,0.0
Accucheck,Price and authenticity,0.0
Accucheck,I want to return,0.0772
Accucheck,Dislike that there is no provision to change elective test strips to instant test strips,-0.5859
Accucheck,Yeah that is ok.,0.29600000000000004
Accucheck,One of the packet containing 50 strips was found to be opened,0.0
Accucheck,I think its genuine and perfect,0.5719
Accucheck,Easy to use and accurate results,0.4404
Accucheck,Occur check strip box dont have code strip,0.0
Accucheck,"Prompt delivery,good rebates",0.0
Accucheck,Delivery is good,0.4404
Accucheck,Mud rate,0.0
Accucheck,compared with the diagnostic lab results on the same day and the results are almost comparable..Liked the product,0.0
Accucheck,Wrong item sent and no remedy for that,-0.6486
Accucheck,Try to mention the expire date and mfg date in the product description of certain products,0.2732
Accucheck,Not working,0.0
Accucheck,From response and delivery Maximum discount received,0.0
Accucheck,good,0.4404
Accucheck,The test strip 50 box sent along with machine is not correct . its not fitting in,0.0
Accucheck,Good delivery,0.4404
Accucheck,Late delivery,0.0
Accucheck,Very good,0.4927
Accucheck,its price and delivery,0.0
Accucheck,Faster delivery at reasonable cost,0.0
Accucheck,Like,0.3612
Accucheck,Very fast delivery,0.0
Accucheck,Fast delivery,0.0
Accucheck,Very good.good results,0.0
Accucheck,On same code-chip operating original ....fast days delivery appreciate...,0.6124
Accucheck,Expire Date was good enough to help me in using the qty I recd.,0.6808
Accucheck,recent expire date,0.0
Accucheck,Product was damage,-0.4939
Accucheck,OK.VERY COSTLY.,-0.1027
Accucheck,Excellent,0.5719
Accucheck,for prompt delivery and accurate product,0.0
Accucheck,I think these are the best,0.6369
Accucheck,Delivery time is too late,0.0
Accucheck,"In Occur Chen active test strip box , chip was not available.So no use for me. Without chip I canst test . Waste of money",0.1994
Accucheck,Packaging,0.0
Accucheck,"Price is very high Would be a blessing to senior citizens like me,if the price could be reduced",0.6908
Accucheck,Very good every thing,0.4927
Accucheck,Out if 5 strips one strip was showing error.,-0.4019
Accucheck,Good,0.4404
Accucheck,Delivery was in time and product found well enfin with packing,0.2732
Accucheck,Expiration date is max,0.0
Accucheck,its doing its work for which its purchased,0.0
Accucheck,Good,0.4404
Accucheck,very easily to get medicines which are genuine,0.4005
Accucheck,Prompt follow and quick disposal,0.0
Accucheck,There was no information regarding expire date. But received strips with reasonable expire date.,-0.1531
Accucheck,Nice,0.4215
Accucheck,Expired stripes written 2020 but expired in July only,0.0
Accucheck,Dependable and easy to use .,0.4404
Accucheck,I feel product is not original getting very low values,-0.0968
Accucheck,Cost is high,0.0
Accucheck,Very good,0.4927
Accucheck,YOUR PROMPT SERVICE,0.0
Accucheck,Very good service,0.4927
Accucheck,Delivery,0.0
Accucheck,"Delivered on time, expecting next day deliver service",0.0
Accucheck,Accurate measurement,0.0
Accucheck,Very good,0.4927
Accucheck,easy to use.,0.4404
Accucheck,Easy to use and result in seconds....,0.4404
Accucheck,Smart insert missing i complained on app but no reply from your end. Please can you help me,0.4767
Accucheck,Purchase with best offer,0.6369
Accucheck,Same code 333,0.0
Accucheck,Late delivery division of orders,0.0
Accucheck,No complaints,0.3089
Accucheck,On time delivery and discount,0.0
Accucheck,Easy house,0.4404
Accucheck,Discount should have been given,0.0
Accucheck,Price & Service,0.0
Accucheck,Good discount,0.4404
Accucheck,Prompt delivery with reasonable price. Discount offer is also good Further order may be given with such discount offer. Apps downloaded.Intimation in email id regarding delivery status,0.4404
Accucheck,Like Good product in good packing at reasonable price. Timely delivery Nothing to dislike here.thumbs up,0.8585
Accucheck,Device is prompt.Staff who speaks on phone is well mannered.I wish to give me good service in near future,0.7717
Accucheck,"Everything went well From placing order , to receiving it, to the discount , to the freebies. Keep up",0.5994
Accucheck,nice,0.4215
Accucheck,Very poor delivery system took more than the expected time to deliver. Need improvement. Needs better communication with customers,0.3626
Accucheck,dispatch on committed date,0.2732
Accucheck,There is no discount on the product,-0.29600000000000004
Accucheck,on time delivery and product is as described satisfied with overall service.,0.4215
Accucheck,"I have got this product from Paytm,as I find either courier or Bees courier might have hands in giving me empty box",0.1531
Accucheck,Good as per my expectation,0.4404
Accucheck,Effective its good,0.7184
Accucheck,Good but not good,-0.2867
Accucheck,All is very first,0.0
Accucheck,The product was delivered after days and too on repeated requests Had to contact the agent personally Horrible experience.,-0.5423
Accucheck,"Nice product. Reliable I'm using approx 120 strips in a month, please Try to make it cheaper",0.6249
Accucheck,Low price. And fast gome delivery i like it.,0.1027
Accucheck,Could you please improve delivery time,0.6369
Accucheck,Whenever i am putting d strip in d machine its showing E-5 ...this means the strips r expired...not satisfied ..,0.4215
Accucheck,It ws the wrong product ordered by mistake,-0.6705
Accucheck,Packing and delivery is good Product is excellent,0.765
Accucheck,nice as per required,0.4215
Accucheck,Please check my previous comments,0.3182
Accucheck,DELAYED IN DELIVERY TIME,-0.2263
Accucheck,The strips very accurately takes reading,0.0
Accucheck,i returned it as i needed Performa.,0.0
Accucheck,Dislike is cost... Rest all good,0.0772
Accucheck,its good to use.,0.4404
Accucheck,Not satisfied with quality of strips,-0.3252
Accucheck,Best service & product have no issues,0.4588
Accucheck,The price is unfordable,0.0
Accucheck,"Good in quality , produces aqurate result.",0.4404
Accucheck,Timely delivery good packing,0.4404
Accucheck,It was in time delivered,0.0
Accucheck,Great discount and on time delivery,0.6249
Accucheck,Show E-5 after one month of opening packet,0.0
Accucheck,"No SLA, pathetic customer support support was as late as your order was",0.735
Accucheck,Time take for delivery is total unacceptable You took more than 48 hour to delivery 1 glucose measuring strip. Would have been better to go to the local pharmacy. Your online support has fixed set of answers But being unable to deliver critical medicines within the promised time just defies everything,0.2391
Accucheck,Packing is good delivered on time,0.4404
Accucheck,Easy to use and give accurate result,0.4404
Accucheck,A nice product,0.4215
Accucheck,Strip is easy to use and give accurate results,0.4404
Accucheck,Very bad condition,-0.5849
Accucheck,Dislike as it showed higher reading than original,-0.0772
Accucheck,It is working as usual,0.0
Accucheck,Using since last 10years.Best for sugar levels check your self,0.0
Accucheck,Have been using it for a while and am happy with the performance n results,0.5719
Accucheck,"Packing was horrible It was good that the strips were in a box,else the packing was all twisted and the box had almost given away",-0.1531
Accucheck,Quick delivery and good stuff,0.4404
Accucheck,Strips expire date is long that good,0.4404
Accucheck,Good Occur check strip,0.4404
Accucheck,Your packing was very bad and it was torn somewhere,-0.6997
Accucheck,Can not see expire before order all other is good,0.4404
Accucheck,Ease of doing business,0.3612
Accucheck,Product is good as described,0.4404
Accucheck,Very Nice product and prompt delivery,0.4754
Accucheck,It is not supported with the machine I ordered,-0.2411
Accucheck,Good discount & fast delivery,0.4404
Accucheck,It get deliver on time and I get good discount,0.4404
Accucheck,packing is good and date of expire is more,0.4404
Accucheck,its some Chinese vendor product not the actual Accu-Chek strip,0.0
Accucheck,Everything is right there but please try to cut rate on 50 or 100 strips after that it will be reach in more hands thanks,0.6925
Accucheck,Does not fit into my new Accu-Chek glucometer received recently . Box of 50 strips was ordered along with the Glucometer and I presumed it to be the right one .,-0.2755
Accucheck,I liked the simplifies ordering process,0.4215
Accucheck,My favorite daily needs as trusted,0.7269
Accucheck,Fast delivery with good packing,0.4404
Accucheck,Discount and quick response,0.0
Accucheck,Does not fit my machine,-0.2755
Accucheck,Received 10 strips and 2 packets of lancets in place of 100 strips,0.0
Accucheck,Fast service was good,0.4404
Accucheck,These strips were as per my requirement,0.0
Accucheck,Behavior of delivery boy is very bad Delivery time is long where as other online stores are providing better facilities,-0.2247
Accucheck,As usual it is genuine,0.0
Accucheck,have been using the product is fine,0.2023
Accucheck,The product is good,0.4404
Accucheck,INTERNAL PACKING IS DAMAGED,-0.4404
Accucheck,The supply is as per requirement and satisfaction,0.4404
Accucheck,Previously the micro chip used to be of red colour but now this is black and all of these chip s have a common code no.333.,0.0
Accucheck,Good to track sugar level,0.4404
Accucheck,its gud to use,0.0
Accucheck,The Accu-Chek active strips are quite reliable,0.4019
Accucheck,Some of the strips did not respond,0.0
Accucheck,Good packing and on time delivery,0.4404
Accucheck,The strips are quite useful,0.4927
Accucheck,I have using for long No complain.,0.2755
Accucheck,Wanted instant but sent active strip,0.5499
Accucheck,no description mentioned in what machine it can be used,-0.29600000000000004
Accucheck,I like that Accu-Check Active Strip box bc that is as per discription. But i dont like delivery bc the external box(package) got damaged much However the Active strip box is Ok.,-0.0938
Accucheck,Price to high,0.0
Accucheck,Nothing to dislike.,0.2924
Accucheck,"Yes, I like this product.",0.6369
Accucheck,Price expected RS 650/-,0.0
Accucheck,its value for money and cheaper than market,0.34
Accucheck,It is easy to see blood sugar,0.4404
Accucheck,addition of delivery charges on the purchase more than Rs. 1000/,-0.2732
Accucheck,Overall experience was good,0.4404
Accucheck,amazon products are better,0.5574
Accucheck,I like the app because it contains all medicine,0.3612
Accucheck,Product ordered wrong and not replace first time shop and had loss of 600/_ I am not rich person I ordered from you for save some money and got loss And till now not able to purchase new strip for checking my blood sugar what is going in my bong I dont know,-0.7524
Becadexamin,Selenium is missing and vitamin A is more than what is needed for everyday requirement.,0.0
Becadexamin,Good for daily supplement,0.4404
Becadexamin,Becadexamin is a poorhouse of vitamin and it is cost effective,0.6486
Becadexamin,Chaljata hai ek marina sasta bhi hair ðŸ˜‚,0.4404
Becadexamin,One pensive yet effective,0.5267
Becadexamin,Not at all recommended full of synthetic color and nonveg material,-0.1511
Becadexamin,How can one rate medicines qualitatively??,0.0
Becadexamin,Bottles received in good condition. Product still to try,0.4404
Becadexamin,fast delivery neat packing and price discount,0.4588
Becadexamin,all ok. using since 30+ years,0.0
Becadexamin,Nothing to dislike. Its a good multi vitamin,0.7418
Becadexamin,The packing and of course the delivery was very good,0.4927
Becadexamin,No longer user starting soon,-0.29600000000000004
Becadexamin,This is great muti vitamins..,0.6249
Becadexamin,It works but have to give some time,0.0
Becadexamin,Value for money vitamin,0.5574
Becadexamin,Everything was perfect including product and delivery,0.5719
Becadexamin,"Fast delivery,best quality medicine and great discount",0.6249
Becadexamin,Should give more discount on purchase,0.0
Becadexamin,My father is taking the tablet for the last 30 years..the multivitamin tablet is very essential especially for diabetic,0.0
Becadexamin,Cuorer facility not good,-0.3412
Becadexamin,Delivery was too late,0.0
Becadexamin,Best multivitamin in this range as compared to other,0.6369
Becadexamin,"great price, fast delivery",0.6249
Becadexamin,Good and beneficial,0.7003
Becadexamin,Has always stood the test of time for quality,0.0
Becadexamin,its much effective and unfordable,0.4767
Becadexamin,Very nice medicine for vitamin s and supplement,0.6478
Becadexamin,No prescription needed,-0.29600000000000004
Becadexamin,"All range of vitamin present, cost effective as well",0.7506
Becadexamin,"Very good small package of all vitamin and minerals I must say, ply go for this product.",0.659
Becadexamin,All in one Packing should be in plastic bottle instead of glass bottel.,0.0
Becadexamin,excellent product and customer service.,0.5719
Becadexamin,It is very useful and effective,0.762
Becadexamin,Quality is good....can feel the difference,0.0
Becadexamin,"i am worried to take i took 1 and was having drowsiness worried should i continue or not,doctor need to suggest for b12",-0.5267
Becadexamin,Good and economical multi vitamin mineral capsule,0.6249
Becadexamin,Quality at economical price,0.0
Becadexamin,I have no result for that,-0.29600000000000004
Becadexamin,Low price good product,0.2023
Becadexamin,Like - They are cheap,0.3612
Becadexamin,"This is an old product, not much improvement",-0.35700000000000004
Becadexamin,Good quality easily available product.,0.6486
Becadexamin,Timely delivery n discount,0.0
Becadexamin,Good multi vitamin tablet..,0.6249
Becadexamin,Product is soo good,0.4404
Becadexamin,Effective at low price,0.25
Becadexamin,"Its prescribed to from one of the best Dr, I was unable to find it but got it here felt now side effect hence preferring it.",0.3818
Becadexamin,It gives extra strength,0.4939
Becadexamin,It was helpful for me,0.4215
Becadexamin,Not very useful as Vitamin,-0.040999999999999995
Becadexamin,Delay in courier Service,-0.3182
Becadexamin,As good as it is supposed to be,0.4404
Becadexamin,It was suggested by doctors and my son like it to take one time at every night,0.3612
Becadexamin,It gets sticky even when kept in refrigerator,0.0
Becadexamin,I like it very much,0.3612
Becadexamin,"Since it is a multivitamin capsule and I am trying for the first time, & now I crossed 1 week of taking becadexamin.Right now I canst say anything but still I like the product as my doc recommended me to take becadexamin .I am feeling little relaxed .",0.8768
Becadexamin,very good product,0.4927
Becadexamin,It is good product,0.4404
Becadexamin,Very useful . Nd powerful capsule .,0.7178
Becadexamin,Price is lower on other site,-0.29600000000000004
Becadexamin,This is not expensive compare with any other multi vitamin capsule,0.29600000000000004
Becadexamin,Bacadexamin is nice tablets,0.4215
Becadexamin,Good supplement... Unfordable,0.4404
Becadexamin,Good vitamin source at cheapest price,0.6249
Becadexamin,The product is really good,0.4927
Becadexamin,Good and shows result,0.4404
Becadexamin,Good and reliable source of vitamin but quantity of vitamin should be more,0.6542
Becadexamin,"I bought it because not available in my city,,,nice product",0.0
Becadexamin,product quality is ok as per the price.,0.29600000000000004
Becadexamin,its very cheap but very good energy for our daily routine,0.8104
Becadexamin,personalized health product,0.0
Becadexamin,Why do you ask this Are you doubtful about its genuineness?Why not other medicines that I ordered,-0.34
Becadexamin,Best and cheapest multivitamin capsules,0.6369
Becadexamin,Liked it. The bottle is of glass i thougt it to be of plastic hence thrown it to the table and when i open the box .. unfortunately the bottle is cracked although the bubble lining is on one side. But that my mistake. I liked the network and appreciate your work ethics,0.6542
Becadexamin,Very effective but I dont like the smell of capsule,-0.1201
Becadexamin,I am using the product and its very good,0.4927
Becadexamin,Sentatic no so good,-0.6512
Becadexamin,Little costly then market,-0.0276
Becadexamin,I am consuming this product for a long time.,0.0
Evion,packing and delivery on time...shipping charges are high,-0.2732
Evion,"Its not about the medicine, its really good its about too much delayed delivery for which i had to buy all the medicine from outside so it was a lost of money for me",-0.0018
Evion,i like the service,0.3612
Evion,Packing not sufficient,0.0
Evion,No side effects,-0.29600000000000004
Evion,Need long time to c effect,0.0
Evion,Must buy for any use,0.0
Evion,Super platform to get genuine medicine,0.5994
Evion,its very useful and very good,0.7496
Evion,Union 400mg is Vitamin E supplement to be taken in the morning once daily after breakfast as directed rescribed by General Practioner,0.29600000000000004
Evion,Using it regularly as a vitamin e requirement,0.29600000000000004
Evion,This drug is effective in peripheral nurological pain & nocturnal leg clump.,-0.0516
Evion,"cost is less than your service charge and same man delivered other medicines also only 2 PO made than you should consider to wave off and same you did after informing you, which should be done earlier to combine both PO of same day and wave off charges",-0.8949
Evion,Prescription not accepted for whole order,-0.2057
Evion,this medicine has been prescribed by doctor and giving the desired result of improvement.,0.7579
Evion,Liked very much,0.4215
Evion,good packing and prompt service.,0.4404
Evion,Price more then MRP written on strip,0.0
Evion,Medicine ok Service is hard to Without serviceCharge,0.2023
Evion,I take It E for my skin hair n nails since a long time.,0.0
Evion,delivery was not on time,0.0
Evion,Discount on this product,0.0
Evion,Wonderful caps for my hair,0.5719
Evion,Cheap and great quality,0.6249
Evion,just fine not sure if this is a duplicate product,-0.0418
Evion,It is best for hair and skin,0.6369
Evion,Good tablet for PMS relief but paraben is a cause of concern.,0.4588
Evion,Very good for liver and skin,0.4927
Evion,Packing... Early Delivery... Discount,0.0
Evion,I am agree pl send on cod,0.3612
Evion,Panelling of partial order by the merchant after full payment as calculation of partial payment refund and there by follow up is a total headache,0.0
Evion,Using it for many years Gives a comfortable feeling,0.5859
Evion,"Sorry, this is my last order",-0.0772
Evion,Well it is meant for what its meant,0.2732
Evion,we dont know as per doctor prescription we are taking that is all yo tell me what changes it willing i the body,0.0
Evion,Its good that evion has 2 variant 400mg and 600mg,0.4404
Evion,"another experiment , never completed",0.0
Evion,Good and really useful for skin and hair,0.7264
Evion,All the tablets have very bad smell,-0.5849
Evion,Because of your poor service for delivery,-0.4767
Evion,IT WAS GOOD TO BUY MEDICINE FROM YOU,0.4404
Evion,Vitamin e need a body face,0.29600000000000004
Evion,Delivery is fast but some medicines have discount prices only,0.0
Evion,I like the 600gms better,0.6597
Evion,It was normal delivery,0.0
Evion,Quick delivery and the packing,0.0
Evion,Its good it E capsule I use it with my hair oil.,0.4404
Evion,Quickness of delivery,0.0
Evion,Good for hair ... regularly using...,0.4404
Evion,its very effective,0.5256
Evion,Good tabiat,0.4404
Evion,Good for vitamin e.,0.6249
Evion,Good for dry skin,0.4404
Evion,Very good for skin and hairs,0.4927
Evion,pL keep it up,0.0
Evion,Vitamin e used for hair and skin,0.29600000000000004
Evion,"Thanks,It helps my hair grow again",0.3818
Evion,Hasn't helped much with my hair fall problem,-0.4019
Evion,I like your fast delivery but I dislikes that you dont have facilities for arranging a doctor for prescription,-0.4215
Evion,Capsule is available in less price in market.,0.0
Evion,Cheapest & Effective,0.4767
Evion,Product was delivered very late to me,0.0
Evion,it is not available regularly,0.0
Evion,So nice best result with best discount,0.9148
Evion,the capsule is too mess to handle,-0.3612
Evion,Offers r not gud,0.0
Evion,I LIKE COST AND DELIVERY,0.3612
Evion,It does what it claims,0.0
Evion,It needed more articles or research on Vitamin E,0.29600000000000004
Evion,In one strip 2 tablets were not there it was empty,-0.2023
Evion,Excellent capsule for Vitamin E,0.7096
Evion,Delivery of medicines was expected on same day as the order was placed well in time,0.2732
Evion,Don't want to say,-0.0572
Evion,Very fast delivery thanks,0.4877
Evion,my need fulfil in shorttime,0.0
Evion,Like... Fast courier service...,0.3612
Evion,Nice packing and genuine product,0.4215
Evion,Easy to use with low price,0.2023
Evion,It has whitening qualities for the skin,0.0
Evion,data compromised no purchase done,-0.29600000000000004
Evion,Prescribed to me for treating fatty liver,0.0
Evion,Nothing to dislike. The products arrived next working day.,0.2924
Evion,delivery was not on time,0.0
Evion,Delivery service and better expire date,0.4404
Evion,its good for vitamin E,0.6249
Evion,Amazing result in evion 400,0.5859
Evion,It is good for skin,0.4404
Evion,Good for hair and face and body,0.4404
Evion,BEST SERVICE BY VENDOR AND VERY FAST SERVICE,0.6369
Evion,Delivery could be little faster otherwise okay,0.1621
Evion,Unable to confirm the order,0.0
Evion,It was delivered in a secured way,0.4019
Evion,i like this product,0.3612
Evion,Very useful anf value for money,0.7056
Evion,Capsules are hard coat compare to the normal strips in the market.....is it stocks out sales,-0.1027
Evion,Fast shipping with billing print out with free sample,0.5106
Evion,Delivery and price i like in it,0.3612
Evion,Not so good not so bad,0.1139
Evion,Like the delivery and packing,0.3612
Evion,its a good and effective capsule especially for maintaining a glowing skin and hair. Very satisfied with its immediate effect,0.8439
Evion,good Source of vitamin E,0.6249
Evion,It was good Bt i find it cheaper in local medical shop.,0.4404
Evion,I take it as a It E supplement Hats it,0.0
Evion,Nice as expected,0.4215
Evion,Good - to be taken with fat,0.4404
Evion,Great for skin and nerves,0.5719
Evion,Later on after using,0.0
Evion,Delivery schedule was not kept up,0.0
Evion,Perfect it e tablet,0.5719
Evion,Union 400 is an unfordable medicine for nocturnal cramps of lower limbs & general nervous weakness,-0.7269
Evion,It'sa vitamin E supplement It requires nothing more,0.29600000000000004
Evion,Delay in Delivery and absence of updated communication,-0.3182
Evion,It fulfills need of vitamin e,0.4939
Evion,It is effective product.,0.4767
Evion,This is good capsule,0.4404
Evion,I dislike the less rate of discount,-0.3818
Evion,I liked it coz my Doctor prescribed me...ðŸ˜…,0.6486
Evion,please change your courier services rest all is great,0.7506
Evion,Feeling better than before,0.5267
Evion,I like wat i ordered ....exactly i got on rime,0.3612
Evion,It seems to be helpful,0.4215
Evion,Capsule is very useful,0.4927
Neurobion,I dont know it work or what .,0.0
Neurobion,Good and delivered on time,0.4404
Neurobion,Delivery charges,-0.2732
Neurobion,One of the better vitamin complex tablet with B-12.Very effective,0.802
Neurobion,It is worth recommended to other also to compensate deficiency of B vitamin,0.5994
Neurobion,Its good,0.4404
Neurobion,best medicine for nerves,0.5859
Neurobion,Good packing,0.4404
Neurobion,Don't have any test,0.0
Neurobion,Awesome,0.6249
Neurobion,Excellent result,0.5719
Neurobion,its a good product.,0.4404
Neurobion,Extremely fast supply.just the same day.,0.0
Neurobion,Timely delivery,0.0
Neurobion,good product.,0.4404
Neurobion,This is also prescribed by my doctor,0.0
Neurobion,Good price and quick delivery,0.4404
Neurobion,I like this tablet very much,0.3612
Neurobion,Not that effective,-0.3724
Neurobion,Like,0.3612
Neurobion,Best for neutral problems,0.3612
Neurobion,NERVE AILMENT IS RECTIFIED BY USE OF THIS POPULAR MEDICINE,0.5023
Neurobion,It is helpful,0.4215
Neurobion,B complex product withb12 at a very reasonable price,0.0
Neurobion,Really it works,0.0
Neurobion,Nurobian tablet,0.0
Neurobion,Every thing was great,0.6249
Neurobion,I like,0.3612
Neurobion,Best in help of Complex bone and mussel problem,0.6369
Neurobion,Good,0.4404
Neurobion,Good results,0.4404
Neurobion,Original product at great discount,0.7506
Neurobion,Good,0.4404
Neurobion,You failed to deliver medicine twice and without any talk with me you have canceled my two orders,-0.5106
Neurobion,A regular purchaser,0.0
Neurobion,It is good for nerves,0.3612
Neurobion,Very good,0.4927
Neurobion,Small in size,0.0
Neurobion,helpful in gaining strength,0.8316
Neurobion,good results,0.4404
Neurobion,Genuine and good pricing,0.4404
Neurobion,Good value for money,0.6486
Neurobion,Prompt deliveryâ€™s,0.0
Neurobion,Speedy Delivery,0.0
Neurobion,Good tablet,0.4404
Neurobion,Good for nerve,0.4404
Neurobion,Timely delivery,0.0
Neurobion,NOT USE FULL,0.0
Neurobion,Very useful for me.,0.4927
Neurobion,its gud it has it B 12,0.0
Neurobion,its prompt delivery,0.0
Neurobion,Nothing particular,0.0
Neurobion,Delivery and information available on webster,0.0
Neurobion,Great,0.6249
Neurobion,"Good, but after making order I realized that my mobile no mistaken typed wrong and I requested you to correct but you didn and due to this I and courier service person got too much trouble.",-0.623
Neurobion,Dtripifficult to rmove tablets from s,0.0
Neurobion,Good ... discount for all medicines should be more with no delivery charge for orders > 100,0.1082
Neurobion,Product delivery is late,0.0
Neurobion,Transit time,0.0
Neurobion,Very nice tab,0.4754
Neurobion,Results in 35-40 days...In back pain and tastelessnees.,-0.5106
Neurobion,I dont know it work or what .,0.0
Neurobion,Timely Delivered,0.0
Neurobion,Already replied,0.0
Neurobion,Nice follow up from customer care,0.7184
Neurobion,medicine is long lasting expire date,0.0
Neurobion,Everything is amazing,0.5859
Neurobion,Liked it very much,0.4215
Neurobion,Given strength,0.4939
Neurobion,Good vitamin tab,0.6249
Neurobion,Not in response,0.0
Neurobion,Quick delivery,0.0
Neurobion,Amazing work,0.5859
Neurobion,Using as per Docter advise,0.0
Neurobion,It is a good broad spectrum medicine for occasional use.,0.4404
Neurobion,Excellent quality,0.5719
Neurobion,Useful,0.4404
Neurobion,Mary nice,0.4215
Neurobion,No discount I got I got Usually 15 % from my chemist,-0.29600000000000004
Neurobion,All the medicines were charged at MRP. No discount was given,-0.4588
Neurobion,dislike -- reason smell,-0.3818
Neurobion,Liked,0.4215
Neurobion,Nothing,0.0
Neurobion,It soothes aching nerves,-0.5574
Neurobion,all is good but need to be work on portal offers,0.2382
Neurobion,Effect when taken for long duration,0.0
Neurobion,Packing good,0.4404
Neurobion,Easy availability,0.4404
Neurobion,Good medicine very effective,0.7425
Neurobion,It is helpful,0.4215
Neurobion,Cheap and effective,0.4767
Neurobion,It is good,0.4404
Neurobion,Cheap and best,0.6369
Neurobion,canst say anything,0.0
Neurobion,its good for helth.,0.4404
Neurobion,Very nice response,0.4754
Neurobion,This is for D vitamin deficiency,0.29600000000000004
Neurobion,Low cost,-0.2732
Neurobion,Quality & price,0.0
Neurobion,Prompt Availability,0.0
Neurobion,Good,0.4404
Neurobion,Good for health,0.4404
Neurobion,Not dislike but could not judge how much it is beneficial,0.6643
Neurobion,Keep fresh,0.3182
Neurobion,Good service,0.4404
Neurobion,Its a vitamin tablet!,0.3595
Neurobion,Good,0.4404
Neurobion,Good medicine for nerves,0.3612
Neurobion,excellent vitamin tablet at lowest pric!e. Value for money !,0.7418
Neurobion,all right,0.0
Neurobion,Excellent product,0.5719
Neurobion,It keeps an old women of 94yrs going,0.0
Neurobion,Fresh date,0.3182
Neurobion,Genetic and useful,0.4404
Neurobion,All good,0.4404
Neurobion,Excellent,0.5719
Neurobion,Along with this i had initially ordered glycogen for which a prescription was called for But what i had unloaded was not a'exited as it was issued in 2015. Since this is regular medication for diabetic control age of the prescription should not matter.,-0.0286
Neurobion,The rate is very reasonable,0.0
Neurobion,You failed to deliver medicine twice and without any talk with me you have canceled my two orders,-0.5106
Neurobion,I have been prescribed by my doctor for general weakness I feel better,0.0258
Neurobion,Best in help of Complex bone and mussel problem,0.6369
Neurobion,The tablet is very harmful,0.0
Neurobion,Good medicine for vitamin B,0.6249
Neurobion,Timely delivery Good packing,0.4404
Neurobion,Nice every thing,0.4215
Neurobion,It is good for nerves,0.3612
Neurobion,overall good experience and this is one of the best medicine for me and works well over me. thanks,0.9022
Neurobion,"After having it, I felt itching allergy, acne & pimples problems overall skin problem.",-0.6597
Neurobion,Fast delivery Authentic product.,0.0
Neurobion,Good for neuralgia,0.4404
Neurobion,It works,0.0
Neurobion,Fight infection,-0.3818
Neurobion,Nice for vitamin B 12 deficiency,0.6124
Neurobion,Right from placing the order to being delivered,0.0
Neurobion,Working very well,0.3384
Neurobion,RS.1.99paise.should have shown as.credit in my wallet,0.0
Neurobion,Not Good,-0.3412
Neurobion,Quality was amazing,0.5859
Neurobion,Packing & presentation,0.0
Neurobion,Excellent product,0.5719
Neurobion,Great,0.6249
Neurobion,its a cheap and effective way to strengthen your nerve,0.6597
Neurobion,Perfect n good quality,0.765
Neurobion,Nothing changes in my body,0.0
Neurobion,for vitamin b12,0.29600000000000004
Neurobion,This is nice red colour tablet...looks so nice and after I eat I feel it must be doing something nice otherwise why would my doctor tell me to have it daily Silt!!,0.8690000000000001
Neurobion,PROMPT DELIVERY.,0.0
Neurobion,Good,0.4404
Neurobion,I regularly use it for improvement of vitamin B,0.6369
Neurobion,Yes liked,0.6705
Neurobion,Almost no discount on OTC products Pharmeasy & other apps providing least 20%discount. Nearby medical stores are providing 15% discount,-0.228
Neurobion,like,0.3612
Neurobion,Excellent product,0.5719
Neurobion,Very effective,0.5256
Neurobion,Very useful,0.4927
Neurobion,Good effective medicine,0.7184
Neurobion,good multivitamin,0.4404
Neurobion,Useful,0.4404
Neurobion,I have been taking Neurobion Forte tablets (one a day) for many years It helps in maintaining health and vitality It has no side effects,0.4019
Neurobion,No prescription needed,-0.29600000000000004
Neurobion,Packing should have been a bit strong,0.5106
Neurobion,Does the job,0.0
Neurobion,Used for my musels,0.0
Neurobion,Late Delivery and pattern of split one order in two,0.0
Neurobion,Nothing great,-0.5096
Neurobion,Amazon has better quality for products,0.5574
Neurobion,Two tablets were exposed as their seals were punctured,-0.0772
Neurobion,All good,0.4404
Neurobion,cost & utility snatched,0.0
Neurobion,Prompt delivery,0.0
Neurobion,It is a good vitamin substitute. And effective and cheap,0.802
Neurobion,Didn't get delivery,0.0
Neurobion,Good one,0.4404
Neurobion,No 1,-0.29600000000000004
Neurobion,Very good,0.4927
Neurobion,benefits are visible,0.3818
Neurobion,All good,0.4404
Neurobion,I purchase tables monthly once But the discount refund in the wallet is expiring before a month. What is the use of giving discount refund,0.4767
Neurobion,timely delivery and updates,0.0
Neurobion,Good vitamin tablets,0.6249
Neurobion,Excellent,0.5719
Neurobion,CHEAP N BEST,0.6369
Neurobion,delivered in time with good discount,0.4404
Neurobion,Good for nerve problem,0.0516
Neurobion,Easy to swallow,0.4404
Neurobion,Good,0.4404
Neurobion,A good company tab,0.4404
Neurobion,It is good for Nevas in body,0.4404
Neurobion,I dislike delivery time,-0.3818
Neurobion,Good product,0.4404
Neurobion,like it,0.3612
Neurobion,good one,0.4404
Neurobion,Liked it Good,0.6908
Neurobion,Good vitamin supplement,0.6249
Neurobion,Everything was good,0.4404
Neurobion,Not like,-0.2755
Neurobion,Best multivitamin,0.6369
Neurobion,Packing is nice,0.4215
Neurobion,Do u mean the effects ?,0.0
Neurobion,Not sure if it works,-0.2411
Neurobion,Medicine keeps whole day active and no tiredness,0.128
Neurobion,The tablet is very harmful,0.0
Neurobion,Its a wonderful tablet.,0.5719
Neurobion,It is a very good medicine,0.4927
Neurobion,Good vitamin tab,0.6249
Neurobion,Best Quality,0.6369
Neurobion,Its good,0.4404
Neurobion,Good for weakness,0.0258
Neurobion,It seems that it is substandard,0.0
Neurobion,Fast delivery,0.0
Neurobion,Great for most neurological issue.,0.6249
Neurobion,NO DISLIKE. ONLY LIKE,0.5696
Neurobion,This Tablet was cause of vomitting sorry,-0.0772
Neurobion,Excellent,0.5719
Neurobion,Good tablet for nerve disorder,0.0516
Neurobion,genuine,0.0
Neurobion,Essentially necessary,0.0
Neurobion,Have been using it for more than 35 years with out any problems,-0.4019
Neurobion,Good one,0.4404
Neurobion,effective medicine,0.4767
Neurobion,just gud,0.0
Neurobion,Medicine not available in stock in required quantity,0.0
Neurobion,U should give discount on that also,0.0
Neurobion,value for money,0.34
Neurobion,ok ok product..,0.5267
Neurobion,Effective.Fairly priced,0.0
Neurobion,A good multivitamin supplement,0.4404
Neurobion,The way of packing is good thank you,0.6597
Neurobion,Nice packing,0.4215
Neurobion,Very useful with chiefest cost,0.4927
Neurobion,It is good vitamin (3V) tablet,0.6249
Neurobion,No work,-0.29600000000000004
Neurobion,"Good,",0.4404
Neurobion,Fast delivery,0.0
Neurobion,I have been prescribed by my doctor for general weakness I feel better,0.0258
Neurobion,Don't bug my notifications,0.0
Neurobion,it helps me in sciatica pain,-0.1779
Neurobion,good To be taken as per Or advice,0.4404
Neurobion,Nice,0.4215
Neurobion,"It is a prescribed medicine, what is there to like or dislike in that!!???",-0.3013
Neurobion,Well packed,0.2732
Neurobion,Aimed delivery,0.0
Neurobion,Along with this i had initially ordered glycogen for which a prescription was called for But what i had unloaded was not a'exited as it was issued in 2015. Since this is regular medication for diabetic control age of the prescription should not matter.,-0.0286
Neurobion,its really good,0.4927
Neurobion,timely delivery and updates,0.0
Neurobion,medicine is long lasting expire date,0.0
Neurobion,its working good in cheapest price,0.4404
Neurobion,This is also prescribed by my doctor,0.0
Neurobion,Quality in such a low cost,-0.2732
Neurobion,Effective supplement as vitamin B complex,0.6486
Neurobion,NO DISLIKE. ONLY LIKE,0.5696
Neurobion,I like it,0.3612
Neurobion,Good to receive on time.,0.4404
Neurobion,"It is a prescribed medicine, what is there to like or dislike in that!!???",-0.3013
Neurobion,Genetic and useful,0.4404
Neurobion,it helps me in sciatica pain,-0.1779
Neurobion,best in its class,0.6369
Neurobion,Good for daily work,0.4404
Neurobion,Extremely fast supply.just the same day.,0.0
Neurobion,its good for weak nerve and helps to work,0.3818
Neurobion,I am 74 years old hence I was always feel tired and needed lie down for rest After taking nuerobion I feel better and can do some work actively,0.3182
Neurobion,It seems that it is substandard,0.0
Neurobion,all is good but need to be work on portal offers,0.2382
Neurobion,Great for most neurological issue.,0.6249
Neurobion,Complete vitamin B tablet,0.29600000000000004
Neurobion,This Tablet was cause of vomitting sorry,-0.0772
Neurobion,Good to have one everyday,0.4404
Neurobion,good option for vitamin b12 supplement,0.6249
Neurobion,The way of packing is good thank you,0.6597
Neurobion,Medicine keeps whole day active and no tiredness,0.128
Neurobion,"Cannot remember rhis medicine, rated arbitrarily",0.0
Neurobion,All tablet are found in excellent condition,0.5719
Neurobion,Increases the nerves strength,0.4215
Neurobion,Results in 35-40 days...In back pain and tastelessnees.,-0.5106
Neurobion,Helpful in the price range in compare to other multivitamins,0.4215
Neurobion,It is a good broad spectrum medicine for occasional use.,0.4404
Neurobion,I ordered for my mother,0.0
Neurobion,Time required for is too much for customer care support,0.7096
Neurobion,Product delivery is late,0.0
Neurobion,Don't have any test,0.0
Neurobion,This is nice red colour tablet...looks so nice and after I eat I feel it must be doing something nice otherwise why would my doctor tell me to have it daily Silt!!,0.8690000000000001
Neurobion,Good for back pain due to deficiency of vitamin b,0.2023
Neurobion,Good medicine for nerves,0.3612
Neurobion,Response from team was poor,-0.4767
Neurobion,Good substitute for vitamin B in lesser price.,0.6249
Neurobion,nice tablet for boasting a day,0.4215
Neurobion,Delivery and information available on webster,0.0
Neurobion,it does the work,0.0
Neurobion,Good discount and cashback,0.4404
Neurobion,U should give discount on that also,0.0
Neurobion,Effect when taken for long duration,0.0
Neurobion,B complex product withb12 at a very reasonable price,0.0
Neurobion,Good for health,0.4404
Neurobion,Good packing and expire date,0.4404
Neurobion,Quick delivery with no problem,0.3089
Neurobion,Unfordable prices.... Helped with muscle spasms and general anxiety,-0.1779
Neurobion,Original product at great discount,0.7506
Neurobion,Good vitamin tablets,0.6249
Neurobion,its not making any much difference,0.0
Neurobion,It is a very good medicine,0.4927
Neurobion,It gives strength to veins,0.4939
Neurobion,its a good product.,0.4404
Neurobion,Two tablets were exposed as their seals were punctured,-0.0772
Neurobion,I like neurobiology forte tablet and I take this daily since long time,0.3612
Neurobion,helpful in gaining strength,0.8316
Neurobion,its a good product.,0.4404
Neurobion,its effective against pain due to nerve pitching,-0.0516
Neurobion,Genuine and good pricing,0.4404
Neurobion,good To be taken as per Or advice,0.4404
Neurobion,I did not purchase it this time.,0.0
Neurobion,I have been using it for a while and found it to be a good nerve support,0.6808
Neurobion,Disprin require percription . Very strange,-0.2716
Neurobion,Good price and quick delivery,0.4404
Neurobion,smells a lot but packed well....,0.3919
Neurobion,One of the better vitamin complex tablet with B-12.Very effective,0.802
Neurobion,It is as per recommendation.,0.0
Neurobion,Stop Asking silly questions wasting time,-0.5859
Neurobion,Packing should have been a bit strong,0.5106
Neurobion,its a good and cheap combo of neurovitamins,0.4404
Neurobion,I regularly use it for improvement of vitamin B,0.6369
Neurobion,Actually I bought this medicine for my father so I canst tell about this,0.0
Neurobion,I am a diabetic patient and I am taking regularly,0.0
Neurobion,All medicine are good and with discount price.,0.4404
Neurobion,its good for body,0.4404
Neurobion,excellent vitamin tablet at lowest pric!e. Value for money !,0.7418
Neurobion,Service as well as app(v fast,0.2732
Neurobion,I got all tablets except this one The service was good for all other tablets Since this tablet was not that costly I just left it without complaining,0.5842
Neurobion,Almost no discount on OTC products Pharmeasy & other apps providing least 20%discount. Nearby medical stores are providing 15% discount,-0.228
Neurobion,Good vitamin supplement,0.6249
Neurobion,Prompt same day delivery,0.0
Neurobion,AS a Vitamin supplement Neurobion Forte is very good for diabetic,0.659
Neurobion,The delivery boy said the phone number was not available to call. Packing has to be done appropriately He threatened not to deliver next time if it happens,-0.4019
Neurobion,dislike -- reason smell,-0.3818
Neurobion,Till now I didn dislike anything,-0.3818
Neurobion,taste heavy small,0.0
Neurobion,Effective for my mother,0.4767
Neurobion,It keeps an old women of 94yrs going,0.0
Neurobion,Mud source of b12,0.0
Neurobion,Because I have not satisfied,-0.3252
Neurobion,No discount I got I got Usually 15 % from my chemist,-0.29600000000000004
Neurobion,Right from placing the order to being delivered,0.0
Neurobion,The rate is very reasonable,0.0
Neurobion,It is a time tested drug,0.0
Neurobion,Medicine not available in stock in required quantity,0.0
Neurobion,Its a vitamin tablet!,0.3595
Neurobion,Bifurcation of order given,0.0
Neurobion,"Reasonable price,recommended by doctors no adverse effect noticed it helps nerve strengthening,long term use",0.5733
Neurobion,Medicine is good and gives me positive results,0.7579
Neurobion,good packing but a bit slower delivery considering it was really near my address,0.2382
Neurobion,I have received medicines with early expire and the Voice issued was incorrect,0.0
Neurobion,Time required for is too much for customer care support,0.7096
Neurobion,Effective for my mother,0.4767
Neurobion,Good bit tabs,0.4404
Neurobion,OK. Nice,0.4215
Neurobion,It was delivered intima,0.0
Neurobion,All ok,0.29600000000000004
Neurobion,Prompt same day delivery,0.0
Neurobion,Good vitamin,0.6249
Neurobion,Vitamin supplement at unfordable price.,0.29600000000000004
Neurobion,The delivery boy said the phone number was not available to call. Packing has to be done appropriately He threatened not to deliver next time if it happens,-0.4019
Neurobion,packing and quality,0.0
Neurobion,Best complex at compatible price..,0.6369
Neurobion,It is good for Nevas in body,0.4404
Neurobion,Very fine working in my bowl.Just I am eating more.digestion is good and i have some brisk.i happy to continue some months.Cost is very cheap.Lot of Thanks to Merkpharma and their mankind of services,0.8969
Neurobion,Not delivered,0.0
Neurobion,good packing but a bit slower delivery considering it was really near my address,0.2382
Neurobion,No dislikes,0.3089
Neurobion,Good medicine for vitamin B,0.6249
Neurobion,It is Ok,0.29600000000000004
Neurobion,Good service,0.4404
Neurobion,Best price good results...,0.7964
Neurobion,its good,0.4404
Neurobion,Slow result. Take it for long time,0.0
Neurobion,Increases the nerves strength,0.4215
Neurobion,its good,0.4404
Neurobion,overall good experience and this is one of the best medicine for me and works well over me. thanks,0.9022
Neurobion,Like,0.3612
Neurobion,Till now I didn dislike anything,-0.3818
Neurobion,best in its class,0.6369
Neurobion,Prompt,0.0
Neurobion,They are useful,0.4404
Neurobion,Good Complex tablet with b12,0.4404
Neurobion,Good packing and expire date,0.4404
Neurobion,The product meets our requirements,0.0
Neurobion,overall good with price,0.4404
Neurobion,Delivery,0.0
Neurobion,Good supplement,0.4404
Neurobion,Great services,0.6249
Neurobion,Very effective,0.5256
Neurobion,I ordered for my mother,0.0
Neurobion,The packing,0.0
Neurobion,delivery is not unto mark,0.0
Neurobion,"Cannot remember rhis medicine, rated arbitrarily",0.0
Neurobion,Good product,0.4404
Neurobion,Very good for nurbous system,0.4927
Neurobion,Package well,0.2732
Neurobion,Unfordable product,0.0
Neurobion,Excellent service,0.5719
Neurobion,Mud source of b12,0.0
Neurobion,Delivery should be speed,0.0
Neurobion,It gives strength to veins,0.4939
Neurobion,Nothing is mention,0.0
Neurobion,Nice Supplement .,0.4215
Neurobion,better composition in this price,0.4404
Neurobion,Bifurcation of order given,0.0
Neurobion,Good one,0.4404
Neurobion,Very good for nerves strength,0.6936
Neurobion,Good medicine to use when you have sudden current type feelings,0.4404
Neurobion,Excellent in nerves problems,0.1531
Neurobion,Good effect with no side effects,0.1779
Neurobion,Nice results,0.4215
Neurobion,Nice effects,0.4215
Neurobion,Good product,0.4404
Neurobion,"Using the product, but still I could find the fruitful results",0.0
Neurobion,Not as per request,0.0
Neurobion,Results awaited,-0.0258
Neurobion,No problem at all Everything was excellent,0.7147
Neurobion,Everything was prefect,0.0
SevenseascodLiverOil,I liked the product,0.4215
SevenseascodLiverOil,its a trusted products from my childhood days,0.4767
SevenseascodLiverOil,Good source of omega 3 fatty acid,0.4404
SevenseascodLiverOil,"Good product, secure packaging, value for money",0.7717
SevenseascodLiverOil,Product and timely delivery,0.0
SevenseascodLiverOil,Difficult to open bottle lid as its not proper Not sure if this one is a duplicate product too.,-0.1994
SevenseascodLiverOil,Caused problems for health,-0.4019
SevenseascodLiverOil,Delievery and Product quality,0.0
SevenseascodLiverOil,Cheaper on amazon,0.1779
SevenseascodLiverOil,Bottle packing quality very bad,-0.5849
SevenseascodLiverOil,Ordered 500 Cabs and Not the Delivery for 100 Cabs,0.0
SevenseascodLiverOil,You are gang of thief,-0.5267
SevenseascodLiverOil,Seams original cod liver oil,0.3182
SevenseascodLiverOil,"This cod lever capsules should be kept in below 10Â°C, you should see that it should be kept in a ice box during delivery",0.0
SevenseascodLiverOil,Good & effective product for the given low price.,0.5994
SevenseascodLiverOil,Good one seen improvements,0.6369
SevenseascodLiverOil,Like but less discount,0.1901
SevenseascodLiverOil,The packing is same for years I could relate to product from the memory down the years,0.0
SevenseascodLiverOil,No major change after taking these tablets,-0.29600000000000004
SevenseascodLiverOil,Package quantity is not good,-0.3412
SevenseascodLiverOil,Meg 3 is best in winter,0.6369
SevenseascodLiverOil,Bottle cap is free,0.5106
SevenseascodLiverOil,I am not a doctor,0.0
SevenseascodLiverOil,Very much like.. Recommended for enhancing immunity of everyone...Must buy again,0.5916
SevenseascodLiverOil,AGAIN results are good,0.4404
SevenseascodLiverOil,Delivery time is late,0.0
SevenseascodLiverOil,its too early,0.0
SevenseascodLiverOil,At least online available,0.0
SevenseascodLiverOil,Packing... Delivery... Discount,0.0
SevenseascodLiverOil,Good for immunity system .Every body should take it. No foundation for Male/Female anybody can take it.,0.1779
SevenseascodLiverOil,It was packed very carefully and delivered with in time,0.2006
SevenseascodLiverOil,its really helpful and safe.,0.7397
SevenseascodLiverOil,its good for health.,0.4404
SevenseascodLiverOil,Delivery time is much,0.0
SevenseascodLiverOil,Genuine quality at very best price,0.6697
SevenseascodLiverOil,Colour like a gold due,0.3612
SevenseascodLiverOil,"Dislike , original monogram (logo) not match original product.",-0.3098
SevenseascodLiverOil,I have ordered senses but i feel like that the product is not in original,0.204
SevenseascodLiverOil,But I got this product very late ...,0.0
SevenseascodLiverOil,i like it and its good in results,0.6597
SevenseascodLiverOil,All is ok but I couldn get discount on seven seas cod lever oil cc capsules,0.1531
SevenseascodLiverOil,its only 15 days but I do feel energetic and good.. so its a thumbs up for me..,0.8271
SevenseascodLiverOil,excellent for vitamin deficiency good jelly capsules,0.8316
SevenseascodLiverOil,Dismounted price Fresh product,0.3182
SevenseascodLiverOil,I have already used it before,0.0
SevenseascodLiverOil,Price n packing (Big package more savings,0.0
SevenseascodLiverOil,It is original,0.3182
SevenseascodLiverOil,The product was good with long expire,0.4404
SevenseascodLiverOil,Good for eye and memory as vitamin,0.6249
SevenseascodLiverOil,Original item. Sold without any discount at MRP,0.3182
SevenseascodLiverOil,Better than any other product claiming to improve immunity,0.7003
SevenseascodLiverOil,5 liked the product very much,0.4215
SevenseascodLiverOil,4. Promptness and price,0.0
SevenseascodLiverOil,Not feeling Any difference,-0.0951
SevenseascodLiverOil,Discount & fast delivery,0.0
SevenseascodLiverOil,QUALITY IS GOOD AND PRIZE IS LOW,0.6249
SevenseascodLiverOil,Packaging of the product and timely delivery,0.0
SevenseascodLiverOil,it should come back in glass jar....,0.0
SevenseascodLiverOil,packing delivery was all smooth & convenient,0.0
SevenseascodLiverOil,its good for hair fall,0.4404
SevenseascodLiverOil,Good in nutrition content and good for health,0.7003
SevenseascodLiverOil,Have used it earlier but results are very late may be its purity not same as earlier,0.0
SevenseascodLiverOil,Glucosamine Tablets are canceled,0.0
SevenseascodLiverOil,its best for improvement of immune system,0.8555
SevenseascodLiverOil,Not satisfied because goods are delivered on parts .,-0.3252
SevenseascodLiverOil,Not the missing ingredient in my body Feeling better after taking it,0.6472
SevenseascodLiverOil,Excellent response Perfect delivery,0.8126
SevenseascodLiverOil,It was a good for kids immunity,0.4404
SevenseascodLiverOil,"I like product. But, dont like delivery",-0.2299
SevenseascodLiverOil,Prompt delivery at reduced cost,0.0
SevenseascodLiverOil,Best quality products,0.6369
SevenseascodLiverOil,The condition in which it was delivered was worst,-0.6249
SevenseascodLiverOil,Delivery was bit delayed delivery was made through different courier and timely update was not available,-0.2263
SevenseascodLiverOil,Quality is good Packing forwarding OK,0.7034
SevenseascodLiverOil,good package decent price,0.4404
SevenseascodLiverOil,Exciting discount prompt delivery,0.4939
SevenseascodLiverOil,Trusted remedy for health. Used for many years,0.4767
SevenseascodLiverOil,easy and best deal,0.7964
SevenseascodLiverOil,It is a good supplement,0.4404
SevenseascodLiverOil,Nice bottling.. Not sure whether it would help or not...,0.5481
SevenseascodLiverOil,Timely delivery and discount,0.0
SevenseascodLiverOil,Good packing and product was delivered before time.I liked the service a lot.,0.6908
Shelcal,All good,0.4404
Shelcal,Andorra exp.,0.0
Shelcal,I like Thecal - 500 Tablet and using it for quite a long time. It is very suitable for me.,0.3612
Shelcal,size of tablet,0.0
Shelcal,Results are not unto the mark,0.0
Shelcal,Cheaper and better,0.4404
Shelcal,"Good , it reduces deficiency of calcium",0.4404
Shelcal,It D with Calcium,0.0
Shelcal,Like,0.3612
Shelcal,liked packing and delivery,0.4215
Shelcal,Excellent tablet,0.5719
Shelcal,grofer is best,0.6369
Shelcal,So far no side effects noticed,-0.3566
Shelcal,I am like it and also happy with the discount,0.7351
Shelcal,Good,0.4404
Shelcal,Speed of delivery and Discount,0.0
Shelcal,please arrange immediately.Its very essential,0.3182
Shelcal,Cooperation and fast supply,0.0
Shelcal,Muscle ache improved,0.128
Shelcal,Advised by doctor,0.0
Shelcal,Good,0.4404
Shelcal,Liked it,0.4215
Shelcal,Doctor happy patient happy,0.8126
Shelcal,Discount rate very low other outside market,-0.3384
Shelcal,Less Discount,0.0
Shelcal,Sweet outer coating is easy to swallow,0.7096
Shelcal,Good Packing. Genuine Medicines,0.4404
Shelcal,very expensive will never buy now first price is more secondly other chemists r offering much much more than u. i have been cheated,-0.5106
Shelcal,Good as calcium supplement,0.4404
Shelcal,Right choice,0.0
Shelcal,Delivery so lately...,0.0
Shelcal,Nothing Variable,0.0
Shelcal,product is ok.,0.0
Shelcal,Good,0.4404
Shelcal,Rated good to treat calcium and vitamin deficiency,0.7783
Shelcal,Satisfactory,0.3612
Shelcal,Good source of calcium,0.4404
Shelcal,Fast delivery with good packing,0.4404
Shelcal,Discount is very less,0.0
Shelcal,Better rates in the market,0.4404
Shelcal,perfect for calcium requirement,0.5719
Shelcal,Mud for bones,0.0
Shelcal,I didn get on time,0.0
Shelcal,Good for calcium deficiency,0.4404
Shelcal,We needed more discount,0.0
Shelcal,Value for money,0.34
Shelcal,Vitamin,0.29600000000000004
Shelcal,Quick service,0.0
Shelcal,Fast delivery,0.0
Shelcal,Punctuality price,0.0
Shelcal,I take it occasionally so my experience is so so.,0.0
Shelcal,Good supplement,0.4404
Shelcal,Nothing,0.0
Shelcal,good medicine,0.4404
Shelcal,it was good,0.4404
Shelcal,Haddi lohe ke khambe i tarah majus hogai meri shelcal-500 ha kar. Itni mazbut i ab train bhi mere par sai nikal jaye to bhe mer haddi nasi tutegi. Makar igni achuki hai part 1 ungli par utah santa he,0.34
Shelcal,Very effective tablet for artho problem,0.1761
Shelcal,Cheap but good,0.5927
Shelcal,Delivery timing,0.0
Shelcal,A known medicine for calcium deficiency Very useful,0.4927
Shelcal,Rapid delivery..n good discount,0.4404
Shelcal,this is good for calcium,0.4404
Shelcal,Good product,0.4404
Shelcal,Good deals,0.4404
Shelcal,The product is genuine,0.0
Shelcal,Always dependable,0.0
Shelcal,"NOT NOW,MAY GIVE FEEDBACK AFTER SEEING EFFECTS.",0.0
Shelcal,They are good for older persons,0.4404
Shelcal,Very low performance,-0.3384
Shelcal,Effective,0.4767
Shelcal,Good for diabetes,0.4404
Shelcal,delivered on time.with discount,0.0
Shelcal,For my wife as prescribed by the Doctor to take care of calcium deficiency,0.4939
Shelcal,Easy way to get medicine at your door step...,0.4404
Shelcal,Good packing,0.4404
Shelcal,It is good,0.4404
Shelcal,All was good in perfect condition,0.765
Shelcal,Great taste,0.6249
Shelcal,Less discount,0.0
Shelcal,Best Calcium supplement,0.6369
Shelcal,Good product,0.4404
Shelcal,Satisfied..no complaints yet,-0.4019
Shelcal,Good service,0.4404
Shelcal,Food all,0.0
Shelcal,nothing to dislike,0.2924
Shelcal,its perfect for vitamin d3,0.7096
Shelcal,Discount compare to others,0.0
Shelcal,Very effective tablet for artho problem,0.1761
Shelcal,Excellent response and fabulous discount,0.7964
Shelcal,Sweet outer coating is easy to swallow,0.7096
Shelcal,It is run of a mill product. Nothing special,-0.3089
Shelcal,Thecal is a good calcium supplement from a reputed company at a reasonable price.,0.4404
Shelcal,calcium supplement recommended by Mrs,0.2023
Shelcal,Discount is not given according to mentioned,0.0
Shelcal,Send all items together,0.0
Shelcal,Very Poor Service,-0.5256
Shelcal,Discount is very minimal,0.0
Shelcal,My doctor recommends this during the pregnancy and post pregnancy,0.2263
Shelcal,good product and quick delivery,0.4404
Shelcal,i had cracking sound from knees which persists even now after having shell for a month,0.0
Shelcal,delivered on time.with discount,0.0
Shelcal,papal payment method was not working Product was fine,0.2023
Shelcal,Very poor service and not print got my medicine after days ..lots of improvement required,-0.10099999999999999
Shelcal,its a good calcium supplement....,0.4404
Shelcal,IT IS HELPFUL TO MY BODY,0.4215
Shelcal,want say until use by minimum month,0.0772
Shelcal,Delivery group was there However product n packing were good,0.4404
Shelcal,No commitment and no fixed delivery schedule,-0.5242
Shelcal,Since I am diabetic my doctor advise me take 1 tab once a day..,0.0
Shelcal,Ease of finding,0.3612
Shelcal,known medicine for calcium,0.0
Shelcal,"its effectable,after 40 every women should be use",0.0
Shelcal,Very much liked,0.4728
Shelcal,Good Packing & Useful Tablet,0.7003
Shelcal,Thecal is good calcium tablets take it daily regularly,0.4404
Shelcal,Came on time without any damage,0.3875
Shelcal,They are good for older persons,0.4404
Shelcal,So many simple vitamin tablets were not sent because of prescription,0.3535
Shelcal,Ease of ordering fast delivery and no confusion,0.5248
Shelcal,The new print on the backside,0.0
Shelcal,This order was delivered timely as compared to other order which took more than 10 days to deliver,0.0
Shelcal,I like the home delivery service is very good,0.6901
Shelcal,like it,0.3612
Shelcal,Quite effective than other calcium supplement,0.5256
Shelcal,Good one my daughter,0.4404
Shelcal,Satisfactory Service besides some minor negligencies.,0.3612
Shelcal,Have to take them whether like or not,0.3612
Shelcal,I am taking it in good faith expecting it to be genuine No question to like or dislike it.,0.5267
Shelcal,I didn order for shell 500 tablet.,0.0
Shelcal,The medicine is fine but the my other medicine is canceled by the vendor,0.1027
Shelcal,Feeling comfortable in joints,0.5859
Shelcal,Item is good and packed very well,0.6478
Shelcal,Good as calcium supplement,0.4404
Shelcal,Calcium supplement are most post menopausal,0.0
Shelcal,Star product of company,0.0
Shelcal,Quick delivery of medicine is very much appreciated,0.5542
Shelcal,Same as my previous reply,0.0
Shelcal,THE EXPIRY DATE WAS NOT CHECKED BEFORE PACKING,0.0
Shelcal,Best for calcium intake,0.6369
Shelcal,I purchased it was 15 tablet strip not up to the mark seems duplicate not controlling sugar legal,-0.0951
Shelcal,It is effective medicine,0.4767
Shelcal,"The whole action from your end,",0.0
Shelcal,Nice packing and good tablet for my health,0.6908
Shelcal,indians best calcium with vitamin D tab,0.7506
Shelcal,liked packing and delivery,0.4215
Shelcal,Very good item,0.4927
Shelcal,Quality is not good,-0.3412
Shelcal,The new print on the backside,0.0
Shelcal,Discount Is Good,0.4404
Shelcal,Rated good to treat calcium and vitamin deficiency,0.7783
Shelcal,Discount is very less,0.0
Shelcal,Good source of Calcium and Vitamin D3,0.6249
Shelcal,Good calcium tablets No side effects,0.1779
Shelcal,Timely delivery with less price,0.0
Shelcal,Discount is not applicable on this product.,0.0
Shelcal,Like to buy,0.3612
Shelcal,"Its not use me, I enquire for my friend",0.4939
Shelcal,Protected packing and effective for bone density,0.7184
Shelcal,as per the order,0.0
Shelcal,My father and wife have been having this calcium supplement for many years,0.0
Shelcal,Just started taking this tablet 1 month back canst say anything right now,0.0
Shelcal,Rate of discount offered is very less compared to what others are offering,0.0
Shelcal,Good for daily nutrient,0.4404
Shelcal,Delivery very late,0.0
Shelcal,Result is good,0.4404
Shelcal,The medicines are original People can rely on you,0.3182
Shelcal,Discount was less than available in the market,0.0
Shelcal,Optical priced. good supplement,0.4404
Shelcal,Bought as advised by the doctor,0.0
Shelcal,Display rate was higher than MRP..,0.0
Shelcal,We needed more discount,0.0
Shelcal,It MFD date and timely delivery,0.0
Shelcal,doctors advice,0.0
Shelcal,Good product,0.4404
Shelcal,Timely delivery with less price,0.0
Shelcal,excellent service,0.5719
Shelcal,Its working very good,0.4927
Shelcal,Good response,0.4404
Shelcal,Speed and ease and discount,0.3612
Shelcal,Good quality,0.4404
Shelcal,Like ...... good,0.6597
Shelcal,Discount is not competable,0.0
Shelcal,Good calcium supplement Recommended by most doctors,0.5719
Shelcal,Just started taking this tablet 1 month back canst say anything right now,0.0
Shelcal,Discount was less than available in the market,0.0
Shelcal,I dislike die to less discount,-0.7579
Shelcal,Improve the bone strength,0.7269
Shelcal,Delivery speed,0.0
Shelcal,Satisfactory,0.3612
Shelcal,Nice,0.4215
Shelcal,U say 20% discount but not applied on this,0.0
Shelcal,satisfactory as usual shell 500 is prescribed by my Doctor is also recorded with you through my prescription.,0.3612
Shelcal,Great tablets for bone problems,0.34
Shelcal,Good product,0.4404
Shelcal,No response,-0.29600000000000004
Shelcal,Nice packing and good tablet for my health,0.6908
Shelcal,Could be better,0.4404
Shelcal,Nothing Specific,0.0
Shelcal,Everything,0.0
Shelcal,Ease of finding,0.3612
Shelcal,The medicine is fine but the my other medicine is canceled by the vendor,0.1027
Shelcal,Problem regarding the delivery,-0.4019
Shelcal,Good tablets,0.4404
Shelcal,"Dislike price, like packing",-0.0258
Shelcal,Delivery,0.0
Shelcal,its a gold standard,0.0
Shelcal,Good response,0.4404
Shelcal,I like it,0.3612
Shelcal,Less Discount,0.0
Shelcal,shell is always good choice,0.4404
Shelcal,this again is a calcium supplement recommended for my wife She is happy with the tablet.,0.6705
Shelcal,Best purchase,0.6369
Shelcal,normal,0.0
Shelcal,I feel its effective,0.4767
Shelcal,Very satisfied,0.4754
Shelcal,normal rate,0.0
Shelcal,Yes,0.4019
Shelcal,No question of like or dislike! Doctor prescribed,-0.3802
Shelcal,Order canceled,0.0
Shelcal,fast service,0.0
Shelcal,Very late delivery,0.0
Shelcal,Proper packing,0.0
Shelcal,It is really excellent Everyone can use it.,0.6115
Shelcal,"i like it,shelcal-500 is very good to improve bone structure,it helps me to my fracture last year,",0.8874
Shelcal,Good one my daughter,0.4404
Shelcal,Shel Al is a standard calcium tablet,0.0
Shelcal,Your rate of Becasul and shelcal500 touch high,0.0
Shelcal,its good,0.4404
Shelcal,Pretty good,0.7269
Shelcal,prompt delivery,0.0
Shelcal,instant relive,0.0
Shelcal,I like,0.3612
Shelcal,good vitamin tab,0.6249
Shelcal,effective tool to cope calcium deficiency,0.4767
Shelcal,Like,0.3612
Shelcal,i like it,0.3612
Shelcal,No dislike for this med,0.2924
Shelcal,Good,0.4404
Shelcal,Good calcium tablet,0.4404
Shelcal,IT IS HELPFUL TO MY BODY,0.4215
Shelcal,Good for bines,0.4404
Shelcal,doctor prescription,0.0
Shelcal,It works !,0.0
Shelcal,Excellent,0.5719
Shelcal,Not good service,-0.3412
Shelcal,Problem regarding the delivery,-0.4019
Shelcal,The ambiance of the strip was good not old or tampered,0.4404
Shelcal,Discount n ease of shopping online,0.3612
Shelcal,Recommended by Doctor at Sunshine Hospital.,0.6124
Shelcal,Advised by doctors to make up calcium intake for strong bones specially for elderly,0.5106
Shelcal,Very useful,0.4927
Shelcal,Why your not providing the whole box with the strips like how we brought from outside,0.3612
Shelcal,Same n cheap,0.0
Shelcal,Good but costly compared to other varieties of b- complex tabs,0.09
Shelcal,I like it.,0.3612
Shelcal,Prompt delivery,0.0
Shelcal,I am using since long,0.0
Shelcal,No commitment and no fixed delivery schedule,-0.5242
Shelcal,Cannot find any efdect. May be effective may be not,0.4767
Shelcal,Good packing prompt delivery,0.4404
Shelcal,Good enuf,0.4404
Shelcal,Good calcium supplement,0.4404
Shelcal,Good,0.4404
Shelcal,Quick delivery of medicine is very much appreciated,0.5542
Shelcal,I am taking it in good faith expecting it to be genuine No question to like or dislike it.,0.5267
Shelcal,Very Poor Service,-0.5256
Shelcal,Dislike because not effective,-0.6315
Shelcal,Delivery group was there However product n packing were good,0.4404
Shelcal,Really good tablet,0.4927
Shelcal,Correct addressing of issue,0.0
Shelcal,Its smartly packed,0.3612
Shelcal,its a good tablet for women in late 30s and 40s for keeping up with their It D and Calcium intake,0.4404
Shelcal,Good job,0.4404
Shelcal,Print delivery,0.0
Shelcal,Very poor service and not print got my medicine after days ..lots of improvement required,-0.10099999999999999
Shelcal,Doctor prescribed so no opinion.,-0.4341
Shelcal,I like the home delivery service is very good,0.6901
Shelcal,Have to take them whether like or not,0.3612
Shelcal,Satisfactory Service besides some minor negligencies.,0.3612
Shelcal,Good,0.4404
Shelcal,Excellent,0.5719
Shelcal,Thecal is good calcium tablets take it daily regularly,0.4404
Shelcal,Thanks,0.4404
Shelcal,its good to have maintain calcium deficiency,0.4404
Shelcal,It is run of a mill product. Nothing special,-0.3089
Shelcal,Getting relief in toe pain,-0.0516
Shelcal,Delivery as usual,0.0
Shelcal,Good tablet,0.4404
Shelcal,Using it more than 3 years,0.0
Shelcal,Good for health,0.4404
Shelcal,I liked it,0.4215
Shelcal,Usual genuine medicine,0.0
Shelcal,Nothing special This is a medication my wife is regularly taking,-0.3089
Shelcal,big size,0.0
Shelcal,The manufacturing date is months old You should provide fresh strip of shell with recent manufacturing date!,0.3802
Shelcal,It works as claimed,0.0
Shelcal,Ok good,0.6249
Shelcal,Same brand,0.0
Shelcal,IT IS FOR MY WIFE AS PRESCRIBED BY THE DOCTOR. NOTHING TO SAY ABOUT IT,0.0
Shelcal,Useful for bones,0.4404
Shelcal,All good,0.4404
Shelcal,Effectiveness,0.0
Shelcal,Normal supply,0.0
Shelcal,Liked,0.4215
Shelcal,Good calcium substitute,0.4404
Shelcal,Good,0.4404
Shelcal,Calcium boasting,0.0
Shelcal,Delivery date was too late,0.0
Shelcal,Feeling better,0.5267
Shelcal,Quick delivery,0.0
Shelcal,The delivery experience was very good and quick,0.4927
Shelcal,Good package,0.4404
Shelcal,Speedy supply,0.0
Shelcal,Same as my previous reply,0.0
Shelcal,I like very much,0.3612
Shelcal,very useful product,0.4927
Shelcal,Good source of Calcium and Vitamin D3,0.6249
Shelcal,Delivery is slow,0.0
Shelcal,Didn't dislike anything,0.2924
Shelcal,Very delayed delivery and if we wish to cancel they are not refunding the money instead adding it to their wallet which is not at all useful,-0.4402
Shelcal,It is ok,0.29600000000000004
Shelcal,Packing quality,0.0
Shelcal,You have sent wrong qty and missed one item which I never expected even after sending typed list in English,-0.6486
Shelcal,Calcium supplement are most post menopausal,0.0
Shelcal,Nothing to say.,0.0
Shelcal,Why dont you use local shops as delivery partner. its preposterous that in today day and age we need to wait ONE FREAKING WEEK FOR DELIVERY,-0.5473
Shelcal,its a prescribed medicine to my mom.,0.0
Shelcal,Very useful,0.4927
Shelcal,Not much effective,-0.3724
Shelcal,This order was delivered timely as compared to other order which took more than 10 days to deliver,0.0
Shelcal,Dislike,-0.3818
Shelcal,We are getting 15% discount for this medicine from local medical Shop,0.0
Shelcal,great buy it now,0.6249
Shelcal,quick delivery and discount,0.0
Shelcal,Regular medicine for my parents Received in time,0.0
Shelcal,works as expected,0.0
Shelcal,"its effectable,after 40 every women should be use",0.0
Shelcal,Good,0.4404
Shelcal,"The whole action from your end,",0.0
Shelcal,good product,0.4404
Shelcal,Nothing,0.0
Shelcal,Very fast delivery,0.0
Shelcal,Disount packing,0.0
Shelcal,calcium supplement recommended by Mrs,0.2023
Shelcal,Efficient responsiveness,0.4215
Shelcal,good service,0.4404
Shelcal,Good product....,0.4404
Shelcal,Item is good and packed very well,0.6478
Shelcal,5 Genuine,0.0
Shelcal,Everything,0.0
Shelcal,Best for calcium intake,0.6369
Shelcal,Mental feeling as if it is working,0.128
Shelcal,Calcium supplement,0.0
Shelcal,Good tablets,0.4404
Shelcal,My father and wife have been having this calcium supplement for many years,0.0
Shelcal,Helps fr old age patients,0.3818
Shelcal,Came on time without any damage,0.3875
Shelcal,Bought as advised by the doctor,0.0
Shelcal,Excellent Calcium supplement,0.5719
Shelcal,its good,0.4404
Shelcal,Delivery charge why so,0.0
Shelcal,its good tablet for calcium intake,0.4404
Shelcal,Or prescribed it so using it,0.0
Shelcal,Very useful,0.4927
Shelcal,Good medicine for calcium,0.4404
Shelcal,Helps to keep my calcium levels unto date,0.3818
Shelcal,Getting in lesser price outside,0.0
Shelcal,very good,0.4927
Shelcal,Delivery speed,0.0
Shelcal,a little overpriced,0.0
Shelcal,as per the order,0.0
Shelcal,Good,0.4404
Shelcal,Not as much as get benefited like alfa alfa of away,0.3612
Shelcal,Best in calcium supplement,0.6369
Shelcal,Not as per desire,-0.3089
Shelcal,Nothing special,-0.3089
Shelcal,Speedy Delivery,0.0
Shelcal,To check its effectiveness yet,0.0
Shelcal,Product is good for me,0.4404
Shelcal,Fast delivery,0.0
Shelcal,Timely Delivery,0.0
Shelcal,Thecal is the most recommended supplement for calcium,0.2716
Shelcal,always good substitute for calcium,0.4404
Shelcal,Good packing,0.4404
Supradyn,It is a cheaper & good multi-vitamin.,0.4404
Supradyn,I feel very energetic and relaxing,0.7688
Supradyn,Excellent Multi vitamin tablet,0.7096
Supradyn,its a value medicine and cheap in alternatives of vitamin tablet.,0.5574
Supradyn,Just ok as per price,0.29600000000000004
Supradyn,Tihis is dummy products,0.0
Supradyn,It is good and improve my health,0.7003
Supradyn,I like it it helps in curing and reducing pain,0.2023
Supradyn,Value for money and effective,0.6705
Supradyn,"its a good combination,but sometimes the tab turns to be sticky",0.4404
Supradyn,No medicines available with other medicines but send as it was available,-0.1531
Supradyn,As good as it is supposed to be,0.4404
Supradyn,My wife takes supradyn tablet as vitamin supplement,0.29600000000000004
Supradyn,Supradyn Tablet being multi vitamin and multi mineral tablet is good for health and some improvement may be done by adding some traces of selenium and other essentials,0.7964
Supradyn,Tablets delivered in excellent condition. good quality product. Thanks,0.8591
Supradyn,Gives energy as it contains Vitamin B,0.5106
Supradyn,Excellent and good service,0.765
Supradyn,i didn purchase this Why are you adding incorrect medicines to my list. Is your data compromised,0.0
Supradyn,GOOD DISCOUNT AND FAST SHIPPING,0.4404
Supradyn,Very cost effective and adequate combination of essential vitamin and minerals,0.7564
Supradyn,I haven received free items displayed during my checkout,0.5106
Supradyn,Its a good product with unfordable price,0.4404
Supradyn,doc said its best so bought it,0.6369
Supradyn,Like.It is a good prophylactic vitamin product.,0.6249
Supradyn,I like its composition and very reasonable price,0.3612
Supradyn,Speedy delivery,0.0
Supradyn,Nice and very low price,0.1045
Supradyn,QUICK RESPONSE AND FAST DELIVERY,0.0
Supradyn,I take it more for its trace minerals and its extremely low price.it has proved to be a good vitamin supplement,0.4033
Supradyn,"Fair price, firm packing nice contents",0.6249
Supradyn,A good value for money for vitamin supplement !,0.7777
Supradyn,Like the fast and damaged delivery of the strips,-0.1027
Supradyn,1. painful review reminders .. pls stop it after you ask once .. 2. Update your stock properly dont make a person pay the money and then refund it after 2 days that is plain stealing peoples interest. A good web based service should not always have the right stock displayed and not miss lead people,-0.3728
Supradyn,Great composition in minimal price,0.6249
Supradyn,Total discount not given,0.0
Supradyn,Best vitamin tablets,0.7506
Supradyn,Good multi vitamin,0.6249
Supradyn,It was very helpful to be active,0.6997
Supradyn,It is good but have to take 2 if you lookout else go for a single tab with breakfast and drink at least 4 its water per day,0.2382
Supradyn,Nothing for dislike,0.2924
Supradyn,Trace Elements are essentials for every human being but most of the times neither those essential elements are not available in our drinking water( due to high filteration) nor in our daily foods .The combination is Excellent !,0.7463
Supradyn,BECAUSE I HAVE NOT PURCHASED,0.0
Supradyn,We canst find some product,0.0
Supradyn,Could search the tablet faster,0.0
Supradyn,its an effective supplement I have been taking it since years,0.4767
Supradyn,I would like more if the tablet would be in capsule form and the covering would have been better than this,0.6597
Supradyn,Yet to use n test in bed,0.0
Supradyn,My favourite tablets,0.0
Supradyn,No discount and shipping charges,-0.5106
Supradyn,The colour of the urine after intake,0.0
Supradyn,Felt a little lesser sweet as compared to pharmacy from the stores but was nice as price is also descent for,0.6768
Supradyn,"Order 2-3 items and without my concern, you have canceled based on your comfortable Have you provided any coupon for the token of apologize Secondly who asked you to supply the balance and the entire order to be canceled instead of part is totally not acceptable",0.3527
Supradyn,Using it for last few years.Good product,0.0
Supradyn,Service slow but good,0.5927
Supradyn,Not some allergy after taking this tablet.,0.0
Supradyn,"Meg 3, and some protein should be",0.0
Supradyn,Din't get PayPal cashback,0.0
Supradyn,Very reasonably priced. Product from a reputed parma co.,0.0
Supradyn,Okay as a Daily it supplement,0.2263
Supradyn,Couldn't get the results,0.0
Supradyn,Very nice product and very effective,0.7569
Supradyn,Great multivitamin at low cost,0.4588
Supradyn,good results & value for money,0.6486
Supradyn,STIPS DAMAGED DUE TO FRICTION AND NOT NEATLY PACKED,-0.6041
Supradyn,"Tablet is good , its size is small easy to swallow After consuming the tablet I didn feel giddiness and was active throughout the day and no side effects .",0.743
Supradyn,5 useful multivitamin,0.4404
Supradyn,by ek kiss do na,0.4215
Supradyn,I have been using it since many years and found it workable.,0.0
Supradyn,Cheap and Good multivitamin,0.4404
Supradyn,Few tablets were nacked,0.0
Supradyn,You canceled part item and my whole cash back got spoiled,0.0
Supradyn,This is good supplement,0.4404
Supradyn,So-so product. Would not recommend to anyone,-0.2755
shampoo,Like product is as expected Dislike- no immediate relief or assured relief,0.1891
shampoo,I've too much dandruff and acne on my scalp ...and I'm using this from last 1 month but I didn get better result till now,0.5927
shampoo,It prevents scales formation on head skin and dandruff,0.0772
shampoo,I ly this shampoo..n also remove dandruff frm hairs,0.5574
shampoo,Like the timely delivery,0.3612
shampoo,Good for dandruff and scalpe problem,0.0516
shampoo,I liked its on time delivery n price.,0.4215
shampoo,its actually helpful indeed,0.4215
shampoo,After 2 to 3 usage it has cleared up my dandruff fully,0.1027
shampoo,Excellent service and cost also,0.5719
shampoo,I am using very offen last 6 yes its fantastic result on Dandruff free hair and smooth,0.8625
shampoo,Good shampoo.Helps to keep dandruff under control,0.4404
shampoo,Its really stops head itching n selfishness,-0.5563
shampoo,"Wash your head within 3 days for sometimes Or just someday in 2 days when you see more dandruff. its matter of few days you see your hair fall, but I didn see any of my hair falling Thankyou",-0.1823
shampoo,It is a great product for dealing with dandruff,0.6249
shampoo,It doesn work,0.0
shampoo,Good you can see the results with in second and third use,0.4404
shampoo,At first the Dandruff disappears - - but it reappear if the shampoo is not used for about a week. Hence I am not fully convinced about its efficacy in eradicating dandruff fully,-0.601
shampoo,Price is very high,0.0
shampoo,Its good product for hair and scalp,0.4404
shampoo,Worked really well for fungal infection,0.3384
shampoo,Discount was less than other online sites,0.0
shampoo,Received next day,0.0
shampoo,Amazing results in just 4 wash Definitely recommended,0.8074
shampoo,The price is high.the shampoo is very good,0.4927
shampoo,No solution my hair iam sorry no less of dandruff,-0.5365
shampoo,Not working as asspacted,0.0
shampoo,Almost half a bottle is needed for one day use. donot foam..,0.0
shampoo,Good for seborrheic dermatitis,0.4404
shampoo,Scalpe shampoo is effective on the DANDRUFF the basic necessity for which it is recommended The part which hurts is the Cost of the product which is too steep and there is no alternative hence it becomes a necessity,-0.1027
shampoo,Solve my problem in one wash,-0.2263
shampoo,The bottle content is very less thoughts like already used,0.3581
shampoo,This shampoo prescribed by doctor for my son to avoid dandruff and it works perfectly,0.4588
shampoo,"its a good conditioned but not effective on dandruff, my scaling is gone..good",-0.3359
shampoo,Nice product and I got a very good result from the product.,0.7178
shampoo,Super sampoo for those person who has rainfall problem,0.29600000000000004
shampoo,I used it many times but dandruff not cured permanently Although it relief but not a permanent solution for me.,0.4033
shampoo,it is a best recommended anti dandruff shampoo I have used ever yes it is a bit costly but the results are good,0.7814
shampoo,It work good,0.4404
shampoo,It dose not effect on scalp,0.0
shampoo,Shampoo is good for reducing dandruf,0.4404
shampoo,It is very useful for who are effecting by dandruff,0.4927
shampoo,My hair getting dry after using it . It has side effects and can whitish your hair. Consult doctor for recommendation.,0.0
shampoo,It is really effective,0.5256
shampoo,Good working for dandruff and icthing...all problems are solved,0.3182
shampoo,Quite effective and also doesn dry the hair on usage,0.5256
shampoo,Reduce dandruff in few days,0.0
shampoo,I m using 4 time,0.0
shampoo,Good.. Plz launch in different flavors,0.4939
shampoo,Product is good but expensive,0.2382
shampoo,It is effective but costly,0.1154
shampoo,Excellent outstanding product,0.8271
shampoo,Very nice product,0.4754
shampoo,When Iâ€™m using in the beginning I get more hair fall bad after few days my problem was solved,-0.6557
shampoo,The shampoo is working and the quantity of dandruff has reduced I am looking forward for complete protection and excited,0.34
shampoo,Good for dandruff control,0.4404
shampoo,Scalpe anti dandruff shampoo is clinically advised for dandruff and it really works than any other shampoo in market,-0.3182
shampoo,shampoo seems fine..its same as i use to purchase from the local medical shop,0.0
shampoo,Need to repeatedly keep using it,0.0
shampoo,I like it.use of it to reduce dandruff.,0.3612
shampoo,its a great shampoo for dandruff,0.6249
shampoo,Not improvement in my hair,-0.35700000000000004
shampoo,Always check my hair now see my hair no dandruff so happy,0.4201
shampoo,There is no difference in the dandruff after using this shampoo,-0.29600000000000004
shampoo,good product but it remove dandruff if you use this for long time,0.2382
shampoo,Is it not an immediate solution for dandraft. We may need to use it for longer time. We need a quick and effective remedy,0.2819
shampoo,The delivery person was lazy,-0.3612
shampoo,Before sending to customer PL.go thou order.carefully see the quantity ordered n quantity send To avoid interaction with executive,-0.29600000000000004
shampoo,Not so effective,-0.4158
shampoo,We are using regularly,0.0
shampoo,It does what it says,0.0
shampoo,i wanted a good antidandruff hair treatment as my scalp was getting dry very often and troubled by itching scalp at times but no flakes initialy was found good result but later the same,0.2187
shampoo,Best in hair scalp problem just wash,0.3612
shampoo,Not supply in time,0.0
shampoo,Nice for anti dandruff,0.128
shampoo,Delivery not in time,0.0
shampoo,Price is so high reduce price,0.0
shampoo,It really helps to relieve dandruff and itching,0.6865
shampoo,"I was diagnosed with Seborrheic Dermatitis a decade ago and had been recommended this shampoo for control and management of the condition. A decade later I started experiencing pimples on my forehead from dandruff fall-out and turned to this shampoo again I saw a decrease in pimples in just 3 washes. Would definitely recommend for short-term use, as the shampoo is high on chemicals Would suggets the use of a conditioned post wash as the shampoo is extremely drying",0.7184
shampoo,Its good but it makes scalpe dry,0.2382
shampoo,Good Anti dandruff,0.1531
shampoo,This shampoo doesn remove dandruff,0.0
shampoo,Delivery time can improve,0.4404
shampoo,No benefit this item,-0.35700000000000004
shampoo,Not worth to buy online if your order value is less Chant â‚¹500 because of the logistics charges Also courier partner dont accept card only cash So there is scope of improvement in supply chain and payment,0.1154
shampoo,Not to much effective,-0.3724
shampoo,It really does help but the bottle is only apt for three washes.,0.2475
shampoo,This Shampoo is good quality n anti dandruff shampoo its working up to 80 percent,0.1531
shampoo,I have been advised by the owner of the product that it will give me relief for 72 hours for the use and may use for a month and after that one week once is to used But in my experience it is useful for only six hours and after that itching is starting,0.7096
shampoo,want say anything now,0.0772
shampoo,Please verify that vendor right product pack or not,0.3182
shampoo,Excellent service.. delivery time can be improved,0.7783
shampoo,Really like this shampoo..this does perfectly what it demand to do..,0.7574
shampoo,No use... Wash ur hair with water.. that much better,0.1779
shampoo,The Package is really good,0.4927
shampoo,Not work as it explained about that .,0.0
shampoo,Quality and Right product was made available and within stipulated period of time.,0.0
shampoo,"Excellent Cost, please provide free delivery if cost is less than 500 also it will be mostly helpful",0.9022
shampoo,Its not much effective as it has been stated in product description.,-0.3724
shampoo,Liked it very nicely working now my scalp is anti dandruff..,0.5709
shampoo,its my regular choice,0.0
shampoo,Works well with my hair oil to decrease dandruff,0.2732
shampoo,"Best therapy of dandruff, I like it.",0.7717
shampoo,It is better but not a permanent solution for dandruff,-0.1263
